"offers_before_rescue","prob"
0,0.00557413600891865
1,0.00925038689243474
2,0.0152445504980985
3,0.0262954221259253
4,0.0373184928188394
5,0.0655496220616886
6,0.108458057783346
7,0.178842947958345
8,0.268657000525401
9,0.347721108576709
10,0.510790831432532
11,0.565147405717806
12,0.710098270478537
