"offers_before_rescue","prob"
-1,0.00937709310113866
0,0.0120562625586069
1,0.0164601722351658
2,0.0276252270395138
3,0.0319987267679717
4,0.0448483011914057
5,0.0703190131596348
6,0.113812860497196
7,0.139877188129631
8,0.154706891782569
9,0.221440558220787
10,0.322991789757206
11,0.419707248363319
